-- Documents
INSERT INTO documents VALUES
                          ('00000000-0000-0000-0000-000000000001','doc1.txt','text/plain',NULL,'2025-06-01 10:00:00','2025-06-01 10:00:00'),
                          ('00000000-0000-0000-0000-000000000002','doc2.pdf','application/pdf',NULL,'2025-06-02 11:00:00','2025-06-02 11:00:00'),
                          ('00000000-0000-0000-0000-000000000003','doc3.docx','application/vnd.openxmlformats-officedocument.wordprocessingml.document',NULL,'2025-06-03 12:00:00','2025-06-03 12:00:00'),
                          ('00000000-0000-0000-0000-000000000004','doc4.jpg','image/jpeg',NULL,'2025-06-04 13:00:00','2025-06-04 13:00:00'),
                          ('00000000-0000-0000-0000-000000000005','doc5.png','image/png',NULL,'2025-06-05 14:00:00','2025-06-05 14:00:00');

-- Folders
INSERT INTO folders VALUES
                        ('00000000-0000-0000-0000-000000000011','Folder A',NULL,'2025-06-01 09:00:00','2025-06-01 09:00:00'),
                        ('00000000-0000-0000-0000-000000000012','Folder B','00000000-0000-0000-0000-000000000011','2025-06-02 09:30:00','2025-06-02 09:30:00'),
                        ('00000000-0000-0000-0000-000000000013','Folder C',NULL,'2025-06-03 10:00:00','2025-06-03 10:00:00'),
                        ('00000000-0000-0000-0000-000000000014','Folder D','00000000-0000-0000-0000-000000000013','2025-06-04 10:30:00','2025-06-04 10:30:00'),
                        ('00000000-0000-0000-0000-000000000015','Folder E',NULL,'2025-06-05 11:00:00','2025-06-05 11:00:00');

-- Metadata
INSERT INTO metadata VALUES
                         ('00000000-0000-0000-0000-000000000021','00000000-0000-0000-0000-000000000001','author','Alice','2025-06-01 10:05:00'),
                         ('00000000-0000-0000-0000-000000000022','00000000-0000-0000-0000-000000000002','reviewer','Bob','2025-06-02 11:05:00'),
                         ('00000000-0000-0000-0000-000000000023','00000000-0000-0000-0000-000000000003','category','Reports','2025-06-03 12:05:00'),
                         ('00000000-0000-0000-0000-000000000024','00000000-0000-0000-0000-000000000004','image','Yes','2025-06-04 13:05:00'),
                         ('00000000-0000-0000-0000-000000000025','00000000-0000-0000-0000-000000000005','status','Draft','2025-06-05 14:05:00');

-- Versions
INSERT INTO versions VALUES
                         ('00000000-0000-0000-0000-000000000031','00000000-0000-0000-0000-000000000001','v1.0', TRUE,'2025-06-01 10:10:00'),
                         ('00000000-0000-0000-0000-000000000032','00000000-0000-0000-0000-000000000001','v1.1', FALSE,'2025-06-02 10:10:00'),
                         ('00000000-0000-0000-0000-000000000033','00000000-0000-0000-0000-000000000002','v2.0', TRUE,'2025-06-03 11:10:00'),
                         ('00000000-0000-0000-0000-000000000034','00000000-0000-0000-0000-000000000003','v3.0', TRUE,'2025-06-04 12:10:00'),
                         ('00000000-0000-0000-0000-000000000035','00000000-0000-0000-0000-000000000003','v3.1', FALSE,'2025-06-05 12:10:00');

-- Policies
INSERT INTO policies VALUES
                         ('00000000-0000-0000-0000-000000000041','Policy A','Description A','2025-06-01 09:15:00','2025-06-01 09:15:00'),
                         ('00000000-0000-0000-0000-000000000042','Policy B','Description B','2025-06-02 09:15:00','2025-06-02 09:15:00'),
                         ('00000000-0000-0000-0000-000000000043','Policy C','Description C','2025-06-03 09:15:00','2025-06-03 09:15:00'),
                         ('00000000-0000-0000-0000-000000000044','Policy D','Description D','2025-06-04 09:15:00','2025-06-04 09:15:00'),
                         ('00000000-0000-0000-0000-000000000045','Policy E','Description E','2025-06-05 09:15:00','2025-06-05 09:15:00');

-- Retention
INSERT INTO retention VALUES
                          ('00000000-0000-0000-0000-000000000051','00000000-0000-0000-0000-000000000001','retainA','2025-12-31 23:59:59','2025-06-01 09:20:00'),
                          ('00000000-0000-0000-0000-000000000052','00000000-0000-0000-0000-000000000002','retainB','2025-11-30 23:59:59','2025-06-02 09:20:00'),
                          ('00000000-0000-0000-0000-000000000053','00000000-0000-0000-0000-000000000003','retainC','2025-10-31 23:59:59','2025-06-03 09:20:00'),
                          ('00000000-0000-0000-0000-000000000054','00000000-0000-0000-0000-000000000004','retainD','2025-09-30 23:59:59','2025-06-04 09:20:00'),
                          ('00000000-0000-0000-0000-000000000055','00000000-0000-0000-0000-000000000005','retainE','2025-08-31 23:59:59','2025-06-05 09:20:00');

-- ACLs
INSERT INTO acls VALUES
                     ('00000000-0000-0000-0000-000000000061','00000000-0000-0000-0000-000000000001','userA','read', TRUE,'2025-06-01 09:25:00'),
                     ('00000000-0000-0000-0000-000000000062','00000000-0000-0000-0000-000000000002','userB',
